n,c_n_or_digits,v2_c,v2_fact,delta3,pred,match
1,1,0,0,0,0,True
2,1,0,0,0,0,True
3,4,2,1,1,2,True
4,38,1,1,0,1,True
5,728,3,3,0,3,True
6,26704,4,3,1,4,True
7,1866256,4,4,0,4,True
8,251548592,4,4,0,4,True
9,66296291072,8,7,1,8,True
10,34496488594816,7,7,0,7,True
11,35641657548953344,8,8,0,8,True
12,73354596206766622208,9,8,1,9,True
13,301272202649664088951808,10,10,0,10,True
14,2471648811030443735290891264,10,10,0,10,True
15,40527680937730480234609755344896,12,11,1,12,True
16,1328578958335783201008338986845427712,11,11,0,11,True
17,87089689052447182841791388989051400978432,15,15,0,15,True
18,11416413520434522308788674285713247919244640256,16,15,1,16,True
19,2992938411601818037370034280152893935458466172698624,16,16,0,16,True
20,1569215570739406346256547210377768575765884983264804405248,16,16,0,16,True
21,64 digits,19,18,1,19,True
22,70 digits,18,18,0,18,True
23,77 digits,19,19,0,19,True
24,84 digits,20,19,1,20,True
25,91 digits,22,22,0,22,True
26,98 digits,22,22,0,22,True
27,106 digits,24,23,1,24,True
28,114 digits,23,23,0,23,True
29,123 digits,25,25,0,25,True
30,131 digits,26,25,1,26,True
31,140 digits,26,26,0,26,True
32,150 digits,26,26,0,26,True
33,159 digits,32,31,1,32,True
34,169 digits,31,31,0,31,True
35,180 digits,32,32,0,32,True
36,190 digits,33,32,1,33,True
37,201 digits,34,34,0,34,True
38,212 digits,34,34,0,34,True
39,224 digits,36,35,1,36,True
40,235 digits,35,35,0,35,True
41,247 digits,38,38,0,38,True
42,260 digits,39,38,1,39,True
43,272 digits,39,39,0,39,True
44,285 digits,39,39,0,39,True
45,299 digits,42,41,1,42,True
46,312 digits,41,41,0,41,True
47,326 digits,42,42,0,42,True
48,340 digits,43,42,1,43,True
49,355 digits,46,46,0,46,True
50,369 digits,46,46,0,46,True
51,384 digits,48,47,1,48,True
52,400 digits,47,47,0,47,True
53,415 digits,49,49,0,49,True
54,431 digits,50,49,1,50,True
55,448 digits,50,50,0,50,True
56,464 digits,50,50,0,50,True
57,481 digits,54,53,1,54,True
58,498 digits,53,53,0,53,True
59,516 digits,54,54,0,54,True
60,533 digits,55,54,1,55,True
61,551 digits,56,56,0,56,True
62,570 digits,56,56,0,56,True
63,588 digits,58,57,1,58,True
64,607 digits,57,57,0,57,True
65,627 digits,63,63,0,63,True
66,646 digits,64,63,1,64,True
67,666 digits,64,64,0,64,True
68,686 digits,64,64,0,64,True
69,707 digits,67,66,1,67,True
70,727 digits,66,66,0,66,True
71,749 digits,67,67,0,67,True
72,770 digits,68,67,1,68,True
73,792 digits,70,70,0,70,True
74,814 digits,70,70,0,70,True
75,836 digits,72,71,1,72,True
76,858 digits,71,71,0,71,True
77,881 digits,73,73,0,73,True
78,904 digits,74,73,1,74,True
79,928 digits,74,74,0,74,True
80,952 digits,74,74,0,74,True
81,976 digits,79,78,1,79,True
82,1000 digits,78,78,0,78,True
83,1025 digits,79,79,0,79,True
84,1050 digits,80,79,1,80,True
85,1075 digits,81,81,0,81,True
86,1101 digits,81,81,0,81,True
87,1127 digits,83,82,1,83,True
88,1153 digits,82,82,0,82,True
89,1179 digits,85,85,0,85,True
90,1206 digits,86,85,1,86,True
91,1233 digits,86,86,0,86,True
92,1261 digits,86,86,0,86,True
93,1288 digits,89,88,1,89,True
94,1316 digits,88,88,0,88,True
95,1345 digits,89,89,0,89,True
96,1373 digits,90,89,1,90,True
97,1402 digits,94,94,0,94,True
98,1431 digits,94,94,0,94,True
99,1461 digits,96,95,1,96,True
100,1491 digits,95,95,0,95,True
101,1521 digits,97,97,0,97,True
102,1551 digits,98,97,1,98,True
103,1582 digits,98,98,0,98,True
104,1613 digits,98,98,0,98,True
105,1644 digits,102,101,1,102,True
106,1676 digits,101,101,0,101,True
107,1708 digits,102,102,0,102,True
108,1740 digits,103,102,1,103,True
109,1772 digits,104,104,0,104,True
110,1805 digits,104,104,0,104,True
111,1838 digits,106,105,1,106,True
112,1872 digits,105,105,0,105,True
113,1905 digits,109,109,0,109,True
114,1939 digits,110,109,1,110,True
115,1974 digits,110,110,0,110,True
116,2008 digits,110,110,0,110,True
117,2043 digits,113,112,1,113,True
118,2079 digits,112,112,0,112,True
119,2114 digits,113,113,0,113,True
120,2150 digits,114,113,1,114,True
121,2186 digits,116,116,0,116,True
122,2222 digits,116,116,0,116,True
123,2259 digits,118,117,1,118,True
124,2296 digits,117,117,0,117,True
125,2333 digits,119,119,0,119,True
126,2371 digits,120,119,1,120,True
127,2409 digits,120,120,0,120,True
128,2447 digits,120,120,0,120,True
129,2486 digits,128,127,1,128,True
130,2525 digits,127,127,0,127,True
131,2564 digits,128,128,0,128,True
132,2603 digits,129,128,1,129,True
133,2643 digits,130,130,0,130,True
134,2683 digits,130,130,0,130,True
135,2723 digits,132,131,1,132,True
136,2764 digits,131,131,0,131,True
137,2805 digits,134,134,0,134,True
138,2846 digits,135,134,1,135,True
139,2888 digits,135,135,0,135,True
140,2930 digits,135,135,0,135,True
141,2972 digits,138,137,1,138,True
142,3014 digits,137,137,0,137,True
143,3057 digits,138,138,0,138,True
144,3100 digits,139,138,1,139,True
145,3143 digits,142,142,0,142,True
146,3187 digits,142,142,0,142,True
147,3231 digits,144,143,1,144,True
148,3275 digits,143,143,0,143,True
149,3320 digits,145,145,0,145,True
150,3365 digits,146,145,1,146,True
151,3410 digits,146,146,0,146,True
152,3455 digits,146,146,0,146,True
153,3501 digits,150,149,1,150,True
154,3547 digits,149,149,0,149,True
155,3593 digits,150,150,0,150,True
156,3640 digits,151,150,1,151,True
157,3687 digits,152,152,0,152,True
158,3734 digits,152,152,0,152,True
159,3782 digits,154,153,1,154,True
160,3830 digits,153,153,0,153,True
161,3878 digits,158,158,0,158,True
162,3926 digits,159,158,1,159,True
163,3975 digits,159,159,0,159,True
164,4024 digits,159,159,0,159,True
165,4073 digits,162,161,1,162,True
166,4123 digits,161,161,0,161,True
167,4173 digits,162,162,0,162,True
168,4223 digits,163,162,1,163,True
169,4274 digits,165,165,0,165,True
170,4325 digits,165,165,0,165,True
171,4376 digits,167,166,1,167,True
172,4427 digits,166,166,0,166,True
173,4479 digits,168,168,0,168,True
174,4531 digits,169,168,1,169,True
175,4584 digits,169,169,0,169,True
176,4636 digits,169,169,0,169,True
177,4689 digits,174,173,1,174,True
178,4743 digits,173,173,0,173,True
179,4796 digits,174,174,0,174,True
180,4850 digits,175,174,1,175,True
181,4904 digits,176,176,0,176,True
182,4959 digits,176,176,0,176,True
183,5014 digits,178,177,1,178,True
184,5069 digits,177,177,0,177,True
185,5124 digits,180,180,0,180,True
186,5180 digits,181,180,1,181,True
187,5236 digits,181,181,0,181,True
188,5292 digits,181,181,0,181,True
189,5349 digits,184,183,1,184,True
190,5405 digits,183,183,0,183,True
191,5463 digits,184,184,0,184,True
192,5520 digits,185,184,1,185,True
193,5578 digits,190,190,0,190,True
194,5636 digits,190,190,0,190,True
195,5694 digits,192,191,1,192,True
196,5753 digits,191,191,0,191,True
197,5812 digits,193,193,0,193,True
198,5871 digits,194,193,1,194,True
199,5931 digits,194,194,0,194,True
200,5991 digits,194,194,0,194,True
201,6051 digits,198,197,1,198,True
202,6112 digits,197,197,0,197,True
203,6173 digits,198,198,0,198,True
204,6234 digits,199,198,1,199,True
205,6295 digits,200,200,0,200,True
206,6357 digits,200,200,0,200,True
207,6419 digits,202,201,1,202,True
208,6481 digits,201,201,0,201,True
209,6544 digits,205,205,0,205,True
210,6607 digits,206,205,1,206,True
211,6670 digits,206,206,0,206,True
212,6733 digits,206,206,0,206,True
213,6797 digits,209,208,1,209,True
214,6861 digits,208,208,0,208,True
215,6926 digits,209,209,0,209,True
216,6990 digits,210,209,1,210,True
217,7055 digits,212,212,0,212,True
218,7121 digits,212,212,0,212,True
219,7186 digits,214,213,1,214,True
220,7252 digits,213,213,0,213,True
221,7319 digits,215,215,0,215,True
222,7385 digits,216,215,1,216,True
223,7452 digits,216,216,0,216,True
224,7519 digits,216,216,0,216,True
225,7586 digits,222,221,1,222,True
226,7654 digits,221,221,0,221,True
227,7722 digits,222,222,0,222,True
228,7791 digits,223,222,1,223,True
229,7859 digits,224,224,0,224,True
230,7928 digits,224,224,0,224,True
231,7997 digits,226,225,1,226,True
232,8067 digits,225,225,0,225,True
233,8137 digits,228,228,0,228,True
234,8207 digits,229,228,1,229,True
235,8277 digits,229,229,0,229,True
236,8348 digits,229,229,0,229,True
237,8419 digits,232,231,1,232,True
238,8490 digits,231,231,0,231,True
239,8562 digits,232,232,0,232,True
240,8634 digits,233,232,1,233,True
241,8706 digits,236,236,0,236,True
242,8779 digits,236,236,0,236,True
243,8852 digits,238,237,1,238,True
244,8925 digits,237,237,0,237,True
245,8998 digits,239,239,0,239,True
246,9072 digits,240,239,1,240,True
247,9146 digits,240,240,0,240,True
248,9220 digits,240,240,0,240,True
249,9295 digits,244,243,1,244,True
250,9370 digits,243,243,0,243,True
